<?xml version="1.0" encoding="UTF-8"?>
<project-private xmlns="http://www.netbeans.org/ns/project-private/1">
    <editor-bookmarks xmlns="http://www.netbeans.org/ns/editor-bookmarks/2" lastBookmarkId="0"/>
    <open-files xmlns="http://www.netbeans.org/ns/projectui-open-files/2">
        <group>
            <file>file:/C:/Users/Sara/Documents/NetBeansProjects/CPCS324-Project-Phase3-Group4/src/cpcs324/project/phase3/group4/CPCS324ProjectPhase3Task2Group4.java</file>
            <file>file:/C:/Users/Sara/Documents/NetBeansProjects/CPCS324-Project-Phase3-Group4/src/cpcs324/project/phase3/group4/CPCS324ProjectPhase3Group4.java</file>
        </group>
    </open-files>
</project-private>
